graphics_card,component,manufacturing_ADPe,manufacturing_ADPf,manufacturing_AP,manufacturing_CTUe,manufacturing_CTUh_c,manufacturing_CTUh_nc,manufacturing_Epf,manufacturing_Epm,manufacturing_Ept,manufacturing_GWP,manufacturing_GWPb,manufacturing_GWPf,manufacturing_GWPlu,manufacturing_IR,manufacturing_LU,manufacturing_ODP,manufacturing_PM,manufacturing_POCP,manufacturing_WU,manufacturing_MIPS,manufacturing_DEEE,manufacturing_TPE,transport_ADPe,transport_ADPf,transport_AP,transport_CTUe,transport_CTUh_c,transport_CTUh_nc,transport_Epf,transport_Epm,transport_Ept,transport_GWP,transport_GWPb,transport_GWPf,transport_GWPlu,transport_IR,transport_LU,transport_ODP,transport_PM,transport_POCP,transport_WU,transport_MIPS,transport_DEEE,transport_TPE,use_ADPe,use_ADPf,use_AP,use_CTUe,use_CTUh_c,use_CTUh_nc,use_Epf,use_Epm,use_Ept,use_GWP,use_GWPb,use_GWPf,use_GWPlu,use_IR,use_LU,use_ODP,use_PM,use_POCP,use_WU,use_MIPS,use_DEEE,use_TPE,end_of_life_ADPe,end_of_life_ADPf,end_of_life_AP,end_of_life_CTUe,end_of_life_CTUh_c,end_of_life_CTUh_nc,end_of_life_Epf,end_of_life_Epm,end_of_life_Ept,end_of_life_GWP,end_of_life_GWPb,end_of_life_GWPf,end_of_life_GWPlu,end_of_life_IR,end_of_life_LU,end_of_life_ODP,end_of_life_PM,end_of_life_POCP,end_of_life_WU,end_of_life_MIPS,end_of_life_DEEE,end_of_life_TPE
NVIDIA GeForce GTX 1080 Ti,casing,0.000151,40.6,0.019,159,0.000000013,0.0000013,0.0000176,0.00196,0.0217,2.15,0.0104,2.14,2.93E-10,2.28,0.0773,0.000000516,0.00000012,0.00732,1.36,,0,41.4,,,,,,,,,,,,,,,,,,,,,,,,,,,,,,,,,,,,,,,,,,,,,,,,,,,,,,,,,,,,,,,,,,
NVIDIA GeForce GTX 1080 Ti,heatsink,0.000842,22.6,0.106,116,0.0000114,0.00000145,0.000796,0.00185,0.0224,1.73,0.135,1.6,0.000000805,173,1.9,0.000000419,0.000000644,0.0126,5.25,,0,25.5,,,,,,,,,,,,,,,,,,,,,,,,,,,,,,,,,,,,,,,,,,,,,,,,,,,,,,,,,,,,,,,,,,
NVIDIA GeForce GTX 1080 Ti,printed_wiring_board,0.00277,164,0.085,158,0.00000000428,0.000000227,0.0000314,0.00762,0.0813,10.2,0.0014,10.2,0.0000000394,23.5,0.0323,0.00000149,0.000000451,0.0299,3.61,,0,166,,,,,,,,,,,,,,,,,,,,,,,,,,,,,,,,,,,,,,,,,,,,,,,,,,,,,,,,,,,,,,,,,,
NVIDIA GeForce GTX 1080 Ti,graphics_processing_unit,0.000000714,338,0.143,330,0.00000000242,0.00000014,0.0000805,0.0172,0.179,25.9,0.0159,25.9,0,0.217,0.103,0.0000113,0.000000787,0.0561,9.9,,0,345,,,,,,,,,,,,,,,,,,,,,,,,,,,,,,,,,,,,,,,,,,,,,,,,,,,,,,,,,,,,,,,,,,
NVIDIA GeForce GTX 1080 Ti,video_ram,0.00146,354,0.204,387,0.00000000466,0.000000304,0.0000443,0.0216,0.228,32.9,0.00509,32.9,0,0.595,0,0.0000044,0.00000112,0.0757,6.76,,0,369,,,,,,,,,,,,,,,,,,,,,,,,,,,,,,,,,,,,,,,,,,,,,,,,,,,,,,,,,,,,,,,,,,
NVIDIA GeForce GTX 1080 Ti,upstream_transport,0.00000000938,3.33,0.00159,0.161,4.26E-12,5.28E-10,0.0000000894,0.000751,0.00824,0.239,0,0.239,0,0.000581,0,3.65E-10,0.0000000138,0.00209,0.000905,,0,3.33,,,,,,,,,,,,,,,,,,,,,,,,,,,,,,,,,,,,,,,,,,,,,,,,,,,,,,,,,,,,,,,,,,
NVIDIA GeForce GTX 1080 Ti,end_of_life,,,,,,,,,,,,,,,,,,,,,,,,,,,,,,,,,,,,,,,,,,,,,,,,,,,,,,,,,,,,,,,,,,,0.000000531,15.3,0.0314,804,0.00000000268,0.000000236,0.0000202,0.0221,0.0119,1.17,0.0754,1.1,0,0.112,6.15,0.000000116,0.0000000758,0.00463,429,,0.881,17.3
NVIDIA RTX A4500,casing,0.0000582,73.2,0.00947,16.6,5.16E-10,0.0000000584,0.00000161,0.0011,0.012,1.64,0.00256,1.64,7.1E-10,2.32,"-2,26E-02",0.000000104,0.000000077,0.00464,0.533,,0,73.6,,,,,,,,,,,,,,,,,,,,,,,,,,,,,,,,,,,,,,,,,,,,,,,,,,,,,,,,,,,,,,,,,,
NVIDIA RTX A4500,heatsink,0.000151,164,0.0991,1030,0.00000205,0.000000318,0.000194,0.00686,0.0755,9.54,0.366,9.17,0.000000144,36.3,0.339,0.00000186,0.000000783,0.026,2.93,,0,174,,,,,,,,,,,,,,,,,,,,,,,,,,,,,,,,,,,,,,,,,,,,,,,,,,,,,,,,,,,,,,,,,,
NVIDIA RTX A4500,printed_wiring_board,0.00278,129,0.0674,125,0.00000000378,0.000000224,0.0000291,0.006,0.0639,7.96,0.000791,7.96,0.0000000375,6.11,0.0314,0.00000115,0.000000354,0.0234,3.08,,0,135,,,,,,,,,,,,,,,,,,,,,,,,,,,,,,,,,,,,,,,,,,,,,,,,,,,,,,,,,,,,,,,,,,
NVIDIA RTX A4500,graphics_processing_unit,0.00000139,657,0.277,642,0.00000000471,0.000000272,0.000157,0.0334,0.348,50.3,0.0296,50.3,0,0.422,0.201,0.000022,0.00000153,0.109,17.2,,0,670,,,,,,,,,,,,,,,,,,,,,,,,,,,,,,,,,,,,,,,,,,,,,,,,,,,,,,,,,,,,,,,,,,
NVIDIA RTX A4500,video_ram,0.00133,322,0.185,352,0.00000000423,0.000000276,0.0000402,0.0196,0.207,29.9,0.00463,29.9,0,0.541,0,0.000004,0.00000102,0.0689,6.14,,0,335,,,,,,,,,,,,,,,,,,,,,,,,,,,,,,,,,,,,,,,,,,,,,,,,,,,,,,,,,,,,,,,,,,
NVIDIA RTX A4500,upstream_transport,0.00000000994,3.52,0.00169,0.17,4.52E-12,5.59E-10,0.0000000947,0.000796,0.00873,0.253,0,0.253,0,0.000615,0,3.87E-10,0.0000000146,0.00221,0.000959,,0,3.53,,,,,,,,,,,,,,,,,,,,,,,,,,,,,,,,,,,,,,,,,,,,,,,,,,,,,,,,,,,,,,,,,,
NVIDIA RTX A4500,end_of_life,,,,,,,,,,,,,,,,,,,,,,,,,,,,,,,,,,,,,,,,,,,,,,,,,,,,,,,,,,,,,,,,,,,0.00000325,17.6,0.0146,347,0.00000000433,0.0000000943,0.000017,0.00838,0.0122,1.32,0.0579,1.26,0,0.215,6.66,0.000000111,0.0000000705,0.00382,454,,1.06,19.4
NVIDIA TITAN RTX,casing,0.000138,306,0.026,34.4,0.00000000305,0.000000151,0.00000422,0.00345,0.0375,5.51,0.00888,5.5,0.0000402,3.65,0.0822,0.00000021,0.000000172,0.0141,1.87,,0,307,,,,,,,,,,,,,,,,,,,,,,,,,,,,,,,,,,,,,,,,,,,,,,,,,,,,,,,,,,,,,,,,,,
NVIDIA TITAN RTX,heatsink,0.000106,2.85,0.0133,14.6,0.00000144,0.000000183,0.0001,0.000233,0.00281,0.218,0.0169,0.201,0.000000101,21.7,0.239,0.0000000527,0.000000081,0.00159,0.66,,0,3.21,,,,,,,,,,,,,,,,,,,,,,,,,,,,,,,,,,,,,,,,,,,,,,,,,,,,,,,,,,,,,,,,,,
NVIDIA TITAN RTX,printed_wiring_board,0.00383,201,0.108,200,0.00000000648,0.00000035,0.0000485,0.00981,0.105,13.3,0.000884,13.3,0.0000000605,3.82,0.0538,0.00000187,0.000000567,0.0377,5,,0,206,,,,,,,,,,,,,,,,,,,,,,,,,,,,,,,,,,,,,,,,,,,,,,,,,,,,,,,,,,,,,,,,,,
NVIDIA TITAN RTX,graphics_processing_unit,0.00000187,884,0.373,864,0.00000000634,0.000000366,0.000211,0.0449,0.468,67.7,0.0399,67.7,0,0.567,0.27,0.0000296,0.00000206,0.147,23.2,,0,902,,,,,,,,,,,,,,,,,,,,,,,,,,,,,,,,,,,,,,,,,,,,,,,,,,,,,,,,,,,,,,,,,,
NVIDIA TITAN RTX,video_ram,0.00159,387,0.222,423,0.00000000508,0.000000332,0.0000483,0.0236,0.249,35.9,0.00555,35.9,0,0.649,0,0.0000048,0.00000122,0.0826,7.37,,0,402,,,,,,,,,,,,,,,,,,,,,,,,,,,,,,,,,,,,,,,,,,,,,,,,,,,,,,,,,,,,,,,,,,
NVIDIA TITAN RTX,upstream_transport,0.0000000086,3.05,0.00146,0.147,3.9E-12,4.83E-10,0.0000000819,0.000688,0.00755,0.219,0,0.219,0,0.000532,0,3.35E-10,0.0000000126,0.00191,0.000829,,0,3.05,,,,,,,,,,,,,,,,,,,,,,,,,,,,,,,,,,,,,,,,,,,,,,,,,,,,,,,,,,,,,,,,,,
NVIDIA TITAN RTX,end_of_life,,,,,,,,,,,,,,,,,,,,,,,,,,,,,,,,,,,,,,,,,,,,,,,,,,,,,,,,,,,,,,,,,,,0.000011,23.1,0.0206,350,0.0000000128,0.000000136,0.0000493,0.0104,0.0173,1.92,0.097,1.82,0,0.1,5.45,0.00000015,0.000000115,0.00545,1270,,0.936,27
NVIDIA Tesla P100 PCIe 16GB,casing,0.0000002,20.9,0.0037,10.2,0.00000000573,0.0000000125,0.00000212,0.000553,0.00605,0.961,0.0143,0.947,0.000121,0.135,0.339,0.0000000101,0.0000000224,0.00208,0.167,,0,21.8,,,,,,,,,,,,,,,,,,,,,,,,,,,,,,,,,,,,,,,,,,,,,,,,,,,,,,,,,,,,,,,,,,
NVIDIA Tesla P100 PCIe 16GB,heatsink,0.00106,28.5,0.134,146,0.0000144,0.00000183,0.001,0.00233,0.0282,2.18,0.17,2.01,0.00000101,218,2.39,0.000000528,0.000000812,0.0159,6.62,,0,32.2,,,,,,,,,,,,,,,,,,,,,,,,,,,,,,,,,,,,,,,,,,,,,,,,,,,,,,,,,,,,,,,,,,
NVIDIA Tesla P100 PCIe 16GB,printed_wiring_board,0.00359,177,0.0943,173,0.00000000559,0.00000031,0.0000467,0.00846,0.0902,11.4,"-6,95E-04",11.4,0.0000000658,2.18,0.0559,0.00000161,0.000000489,0.0328,4.78,,0,179,,,,,,,,,,,,,,,,,,,,,,,,,,,,,,,,,,,,,,,,,,,,,,,,,,,,,,,,,,,,,,,,,,
NVIDIA Tesla P100 PCIe 16GB,graphics_processing_unit,0.00000105,497,0.21,485,0.00000000356,0.000000206,0.000118,0.0252,0.263,38,0.0233,38,0,0.318,0.151,0.0000166,0.00000116,0.0825,14.6,,0,507,,,,,,,,,,,,,,,,,,,,,,,,,,,,,,,,,,,,,,,,,,,,,,,,,,,,,,,,,,,,,,,,,,
NVIDIA Tesla P100 PCIe 16GB,video_ram,0.000000345,163,0.069,160,0.00000000117,0.0000000678,0.0000389,0.0083,0.0865,12.5,0.00768,12.5,0,0.105,0.0498,0.00000546,0.000000381,0.0271,4.79,,0,167,,,,,,,,,,,,,,,,,,,,,,,,,,,,,,,,,,,,,,,,,,,,,,,,,,,,,,,,,,,,,,,,,,
NVIDIA Tesla P100 PCIe 16GB,upstream_transport,0.00000000893,3.17,0.00152,0.153,4.06E-12,5.02E-10,0.0000000851,0.000715,0.00785,0.227,0,0.227,0,0.000553,0,3.48E-10,0.0000000131,0.00199,0.000862,,0,3.17,,,,,,,,,,,,,,,,,,,,,,,,,,,,,,,,,,,,,,,,,,,,,,,,,,,,,,,,,,,,,,,,,,
NVIDIA Tesla P100 PCIe 16GB,end_of_life,,,,,,,,,,,,,,,,,,,,,,,,,,,,,,,,,,,,,,,,,,,,,,,,,,,,,,,,,,,,,,,,,,,0.00000212,17.3,0.0362,897,0.00000000463,0.000000273,0.0000293,0.0252,0.0137,1.36,0.0907,1.27,0,0.0822,6.24,0.000000132,0.0000000913,0.00535,644,,0.888,20
NVIDIA L4,casing,0,0,0,0,0,0,0,0,0,0,0,0,0,0,0,0,0,0,0,,0,0,,,,,,,,,,,,,,,,,,,,,,,,,,,,,,,,,,,,,,,,,,,,,,,,,,,,,,,,,,,,,,,,,,
NVIDIA L4,heatsink,0.0000782,8.86,0.0114,11.2,0.00000107,0.000000148,0.0000763,0.00046,0.00474,0.59,0.0126,0.577,0.0000000754,16.2,0.178,0.0000000393,0.0000000674,0.00214,0.557,,0,9.13,,,,,,,,,,,,,,,,,,,,,,,,,,,,,,,,,,,,,,,,,,,,,,,,,,,,,,,,,,,,,,,,,,
NVIDIA L4,printed_wiring_board,0.000813,56.2,0.0296,55.5,0.00000000176,0.000000101,0.0000116,0.00269,0.0289,3.65,"-2,97E-04",3.65,0.0000000171,0.572,0.0137,0.000000514,0.000000156,0.0104,1.44,,0,57,,,,,,,,,,,,,,,,,,,,,,,,,,,,,,,,,,,,,,,,,,,,,,,,,,,,,,,,,,,,,,,,,,
NVIDIA L4,graphics_processing_unit,0.000000478,226,0.0954,221,0.00000000162,0.0000000937,0.0000541,0.0115,0.12,17.3,0.0102,17.3,0,0.145,0.0691,0.00000757,0.000000527,0.0376,5.92,,0,231,,,,,,,,,,,,,,,,,,,,,,,,,,,,,,,,,,,,,,,,,,,,,,,,,,,,,,,,,,,,,,,,,,
NVIDIA L4,video_ram,0.00159,387,0.222,423,0.00000000508,0.000000332,0.0000483,0.0236,0.249,35.9,0.00555,35.9,0,0.649,0,0.0000048,0.00000122,0.0826,7.37,,0,402,,,,,,,,,,,,,,,,,,,,,,,,,,,,,,,,,,,,,,,,,,,,,,,,,,,,,,,,,,,,,,,,,,
NVIDIA L4,upstream_transport,0.00000000155,0.549,0.000263,0.0265,7.03E-13,8.71E-11,0.0000000148,0.000124,0.00136,0.0394,0,0.0394,0,0.0000958,0,6.03E-11,0.00000000227,0.000345,0.000149,,0,0.55,,,,,,,,,,,,,,,,,,,,,,,,,,,,,,,,,,,,,,,,,,,,,,,,,,,,,,,,,,,,,,,,,,
NVIDIA L4,end_of_life,,,,,,,,,,,,,,,,,,,,,,,,,,,,,,,,,,,,,,,,,,,,,,,,,,,,,,,,,,,,,,,,,,,0.000000935,3.09,0.00452,100,0.00000000127,0.0000000327,0.00000587,0.00287,0.00243,0.256,0.0145,0.241,0,0.0145,0.912,0.0000000218,0.0000000158,0.000845,143,,0.142,3.59
NVIDIA A100 PCIe 40GB,casing,0.000291,67.8,0.0347,343,0.0000000223,0.00000292,0.0000286,0.00355,0.0388,3.61,0.00033,3.61,0,0.317,0,0.000000988,0.000000199,0.0129,2.47,,0,68.5,,,,,,,,,,,,,,,,,,,,,,,,,,,,,,,,,,,,,,,,,,,,,,,,,,,,,,,,,,,,,,,,,,
NVIDIA A100 PCIe 40GB,heatsink,0.0012,32.3,0.151,165,0.0000163,0.00000207,0.00114,0.00264,0.0319,2.47,0.192,2.28,0.00000115,246,2.71,0.000000598,0.000000919,0.018,7.49,,0,36.4,,,,,,,,,,,,,,,,,,,,,,,,,,,,,,,,,,,,,,,,,,,,,,,,,,,,,,,,,,,,,,,,,,
NVIDIA A100 PCIe 40GB,printed_wiring_board,0.00196,141,0.0833,139,0.000000545,0.000000337,0.0000371,0.00683,0.0736,9.17,0.00946,9.16,0.0000000471,38.5,0.0528,0.00000132,0.000000439,0.027,3.92,,0,145,,,,,,,,,,,,,,,,,,,,,,,,,,,,,,,,,,,,,,,,,,,,,,,,,,,,,,,,,,,,,,,,,,
NVIDIA A100 PCIe 40GB,graphics_processing_unit,0.0000252,1120,0.474,1100,0.00000000808,0.000000468,0.000267,0.0569,0.593,85.7,0.0495,85.7,0,0.852,0.341,0.0000374,0.00000262,0.186,28.4,,0,1140,,,,,,,,,,,,,,,,,,,,,,,,,,,,,,,,,,,,,,,,,,,,,,,,,,,,,,,,,,,,,,,,,,
NVIDIA A100 PCIe 40GB,video_ram,0.000000534,253,0.107,247,0.00000000181,0.000000105,0.0000602,0.0128,0.134,19.3,0.0119,19.3,0,0.162,0.0769,0.00000843,0.000000588,0.042,7.47,,0,258,,,,,,,,,,,,,,,,,,,,,,,,,,,,,,,,,,,,,,,,,,,,,,,,,,,,,,,,,,,,,,,,,,
NVIDIA A100 PCIe 40GB,upstream_transport,0.0000000117,4.14,0.00198,0.2,5.31E-12,6.57E-10,0.000000111,0.000935,0.0103,0.297,0,0.297,0,0.000723,0,4.55E-10,0.0000000171,0.0026,0.00113,,0,4.15,,,,,,,,,,,,,,,,,,,,,,,,,,,,,,,,,,,,,,,,,,,,,,,,,,,,,,,,,,,,,,,,,,
NVIDIA A100 PCIe 40GB,end_of_life,,,,,,,,,,,,,,,,,,,,,,,,,,,,,,,,,,,,,,,,,,,,,,,,,,,,,,,,,,,,,,,,,,,0.000000686,20.8,0.0388,1010,0.0000000029,0.000000289,0.0000244,0.0271,0.015,1.47,0.0959,1.37,0,0.176,8.61,0.000000151,0.0000000974,0.00584,527,,1.23,23.4
NVIDIA A100 SXM4 40GB,casing,0.0000541,16.5,0.00765,67.3,0.00000000535,0.000000545,0.00000573,0.000806,0.0088,0.881,0.00307,0.878,0.0000256,0.0851,0.0714,0.000000187,0.0000000436,0.00291,0.467,,0,16.8,,,,,,,,,,,,,,,,,,,,,,,,,,,,,,,,,,,,,,,,,,,,,,,,,,,,,,,,,,,,,,,,,,
NVIDIA A100 SXM4 40GB,heatsink,0.00508,64,0.328,350,0.0000349,0.00000461,0.00234,0.0054,0.0661,4.8,0.409,4.39,0.00000236,525,5.58,0.00000129,0.000002,0.0374,16.9,,0,73,,,,,,,,,,,,,,,,,,,,,,,,,,,,,,,,,,,,,,,,,,,,,,,,,,,,,,,,,,,,,,,,,,
NVIDIA A100 SXM4 40GB,printed_wiring_board,0.00277,3.11,0.0319,20.8,0.00000285,0.000000572,0.00000208,0.0003,0.00427,0.0821,0.0313,0.0508,0,40.6,0,0.000000125,0.000000199,0.00231,2.49,,0,230,,,,,,,,,,,,,,,,,,,,,,,,,,,,,,,,,,,,,,,,,,,,,,,,,,,,,,,,,,,,,,,,,,
NVIDIA A100 SXM4 40GB,graphics_processing_unit,0.00016,1120,0.475,1100,0.0000000802,0.000000484,0.000267,0.057,0.594,85.8,0.0505,85.8,0,1.88,0.341,0.0000374,0.00000263,0.187,28.5,,0,1140,,,,,,,,,,,,,,,,,,,,,,,,,,,,,,,,,,,,,,,,,,,,,,,,,,,,,,,,,,,,,,,,,,
NVIDIA A100 SXM4 40GB,video_ram,0.000000534,253,0.107,247,0.00000000181,0.000000105,0.0000602,0.0128,0.134,19.3,0.0119,19.3,0,0.162,0.0769,0.00000843,0.000000588,0.042,7.47,,0,258,,,,,,,,,,,,,,,,,,,,,,,,,,,,,,,,,,,,,,,,,,,,,,,,,,,,,,,,,,,,,,,,,,
NVIDIA A100 SXM4 40GB,upstream_transport,0.0000000182,6.46,0.0031,0.312,8.28E-12,0.00000000103,0.000000174,0.00146,0.016,0.464,0,0.464,0,0.00113,0,7.1E-10,0.0000000267,0.00406,0.00176,,0,6.47,,,,,,,,,,,,,,,,,,,,,,,,,,,,,,,,,,,,,,,,,,,,,,,,,,,,,,,,,,,,,,,,,,
NVIDIA A100 SXM4 40GB,end_of_life,,,,,,,,,,,,,,,,,,,,,,,,,,,,,,,,,,,,,,,,,,,,,,,,,,,,,,,,,,,,,,,,,,,0.00000172,30.8,0.0725,1850,0.00000000611,0.000000553,0.0000504,0.0515,0.0231,2.18,0.169,2.01,0,0.133,11.9,0.000000238,0.000000163,0.00968,1060,,1.56,35.6
NVIDIA GH200,casing,8.18E-04,6.42E+01,1.22E-01,2.99E+02,1.11E-05,1.50E-06,7.80E-04,3.61E-03,4.16E-02,4.17E+00,1.99E-01,3.97E+00,7.79E-07,1.68E+02,1.84E+00,7.49E-07,7.68E-07,1.88E-02,5.53E+00,,0.00E+00,5.11E+02,,,,,,,,,,,,,,,,,,,,,,,,,,,,,,,,,,,,,,,,,,,,,,,,,,,,,,,,,,,,,,,,,,
NVIDIA GH200,heatsink,0.00E+00,0.00E+00,0.00E+00,0.00E+00,0.00E+00,0.00E+00,0.00E+00,0.00E+00,0.00E+00,0.00E+00,0.00E+00,0.00E+00,0.00E+00,0.00E+00,0.00E+00,0.00E+00,0.00E+00,0.00E+00,0.00E+00,,0.00E+00,0.00E+00,,,,,,,,,,,,,,,,,,,,,,,,,,,,,,,,,,,,,,,,,,,,,,,,,,,,,,,,,,,,,,,,,,
NVIDIA GH200,printed_wiring_board,2.29E-02,1.24E+03,6.71E-01,1.27E+03,2.55E-06,3.20E-06,2.96E-04,6.78E-02,7.16E-01,9.97E+01,6.56E-02,9.96E+01,1.23E-07,4.74E+01,2.99E-01,2.70E-05,3.66E-06,2.37E-01,3.89E+01,,0.00E+00,1.27E+03,,,,,,,,,,,,,,,,,,,,,,,,,,,,,,,,,,,,,,,,,,,,,,,,,,,,,,,,,,,,,,,,,,
NVIDIA GH200,graphics_processing_unit,2.51E-03,1.08E+03,4.76E-01,1.06E+03,2.14E-06,8.53E-07,2.60E-04,5.53E-02,5.77E-01,8.30E+01,6.95E-02,8.30E+01,0.00E+00,3.16E+01,3.29E-01,3.62E-05,2.64E-06,1.82E-01,2.86E+01,,0.00E+00,1.11E+03,,,,,,,,,,,,,,,,,,,,,,,,,,,,,,,,,,,,,,,,,,,,,,,,,,,,,,,,,,,,,,,,,,
NVIDIA GH200,video_ram,6.27E-07,2.97E+02,1.25E-01,2.90E+02,2.13E-09,1.23E-07,7.07E-05,1.51E-02,1.57E-01,2.27E+01,1.40E-02,2.27E+01,0.00E+00,1.90E-01,9.04E-02,9.90E-06,6.91E-07,4.93E-02,8.78E+00,,0.00E+00,3.03E+02,,,,,,,,,,,,,,,,,,,,,,,,,,,,,,,,,,,,,,,,,,,,,,,,,,,,,,,,,,,,,,,,,,
NVIDIA GH200,upstream_transport,1.52E-08,5.39E+00,2.58E-03,2.61E-01,6.91E-12,8.56E-10,1.45E-07,1.22E-03,1.34E-02,3.87E-01,0.00E+00,3.87E-01,0.00E+00,9.42E-04,0.00E+00,5.93E-10,2.23E-08,3.39E-03,1.47E-03,,0.00E+00,5.40E+00,,,,,,,,,,,,,,,,,,,,,,,,,,,,,,,,,,,,,,,,,,,,,,,,,,,,,,,,,,,,,,,,,,
NVIDIA GH200,end_of_life,,,,,,,,,,,,,,,,,,,,,,,,,,,,,,,,,,,,,,,,,,,,,,,,,,,,,,,,,,,,,,,,,,,2.08E-06,2.16E+01,4.33E-02,1.08E+03,4.82E-09,3.27E-07,3.24E-05,3.01E-02,1.78E-02,1.80E+00,1.09E-01,1.69E+00,0.00E+00,1.42E-01,8.03E+00,1.65E-07,1.11E-07,6.69E-03,7.19E+02,,1.42E+00,2.47E+01
Average,casing,0.000408,243,0.0596,409,0.0000000347,0.00000322,0.000039,0.00662,0.0724,8.25,0.0307,8.22,0.000173,4.78,0.507,0.00000126,0.000000374,0.0251,3.89,0,0,246,0,0,0,0,0,0,0,0,0,0,0,0,0,0,0,0,0,0,0,0,0,0,0,0,0,0,0,0,0,0,0,0,0,0,0,0,0,0,0,0,0,0,0,0,0,0,0,0,0,0,0,0,0,0,0,0,0,0,0,0,0,0,0,0,0,0
Average,heatsink,0.00187,85,0.218,420,0.0000215,0.00000278,0.0015,0.00522,0.0604,5.74,0.321,5.42,0.0000015,325,3.54,0.00000115,0.00000136,0.0299,10.5,0,0,92.3,0,0,0,0,0,0,0,0,0,0,0,0,0,0,0,0,0,0,0,0,0,0,0,0,0,0,0,0,0,0,0,0,0,0,0,0,0,0,0,0,0,0,0,0,0,0,0,0,0,0,0,0,0,0,0,0,0,0,0,0,0,0,0,0,0,0
Average,printed_wiring_board,0.0000127,0.51,0.000316,0.524,0.00000000422,0.00000000169,0.000000121,0.0000245,0.000264,0.0325,0.0000491,0.0325,1.56E-10,0.0969,0.000139,0.0000000048,0.0000000017,0.0000971,0.0162,0,0,0.83,0,0,0,0,0,0,0,0,0,0,0,0,0,0,0,0,0,0,0,0,0,0,0,0,0,0,0,0,0,0,0,0,0,0,0,0,0,0,0,0,0,0,0,0,0,0,0,0,0,0,0,0,0,0,0,0,0,0,0,0,0,0,0,0,0,0
Average,graphics_processing_unit,0.0000000155,0.556,0.000235,0.544,9.72E-12,2.32E-10,0.000000133,0.0000283,0.000294,0.0426,0.0000253,0.0426,0,0.00046,0.00017,0.0000000186,0.0000000013,0.0000925,0.0148,0,0,0.567,0,0,0,0,0,0,0,0,0,0,0,0,0,0,0,0,0,0,0,0,0,0,0,0,0,0,0,0,0,0,0,0,0,0,0,0,0,0,0,0,0,0,0,0,0,0,0,0,0,0,0,0,0,0,0,0,0,0,0,0,0,0,0,0,0,0
Average,video_ram,0.00000000507,2.4,0.00101,2.35,1.72E-11,9.95E-10,0.000000572,0.000122,0.00127,0.184,0.000113,0.184,0,0.00154,0.000731,0.0000000801,0.00000000559,0.000399,0.0708,0,0,2.45,0,0,0,0,0,0,0,0,0,0,0,0,0,0,0,0,0,0,0,0,0,0,0,0,0,0,0,0,0,0,0,0,0,0,0,0,0,0,0,0,0,0,0,0,0,0,0,0,0,0,0,0,0,0,0,0,0,0,0,0,0,0,0,0,0,0
Average,upstream_transport,0.0000000102,3.61,0.00173,0.175,4.63E-12,5.73E-10,0.0000000971,0.000816,0.00896,0.26,0,0.26,0,0.000631,0,3.97E-10,0.000000015,0.00227,0.000984,0,0,3.62,0,0,0,0,0,0,0,0,0,0,0,0,0,0,0,0,0,0,0,0,0,0,0,0,0,0,0,0,0,0,0,0,0,0,0,0,0,0,0,0,0,0,0,0,0,0,0,0,0,0,0,0,0,0,0,0,0,0,0,0,0,0,0,0,0,0
Average,end_of_life,0,0,0,0,0,0,0,0,0,0,0,0,0,0,0,0,0,0,0,0,0,0,0,0,0,0,0,0,0,0,0,0,0,0,0,0,0,0,0,0,0,0,0,0,0,0,0,0,0,0,0,0,0,0,0,0,0,0,0,0,0,0,0,0,0,0,0.00000371,19.5,0.0317,762,0.00000000589,0.000000233,0.0000311,0.0211,0.0147,1.51,0.0906,1.42,0,0.123,6.74,0.000000139,0.0000000963,0.00537,730,0,1,22.3
NVIDIA H100 PCIe 80GB,casing,0.000322,192,0.047,323,0.0000000274,0.00000254,0.0000308,0.00523,0.0571,6.51,0.0242,6.49,0.000136,3.77,0.4,0.000000996,0.000000295,0.0198,3.07,0,0,194,0,0,0,0,0,0,0,0,0,0,0,0,0,0,0,0,0,0,0,0,0,0,0,0,0,0,0,0,0,0,0,0,0,0,0,0,0,0,0,0,0,0,0,0,0,0,0,0,0,0,0,0,0,0,0,0,0,0,0,0,0,0,0,0,0,0
NVIDIA H100 PCIe 80GB,heatsink,0.00168,76.6,0.196,379,0.0000194,0.0000025,0.00135,0.0047,0.0544,5.17,0.289,4.88,0.00000135,293,3.19,0.00000103,0.00000122,0.0269,9.42,0,0,83.1,0,0,0,0,0,0,0,0,0,0,0,0,0,0,0,0,0,0,0,0,0,0,0,0,0,0,0,0,0,0,0,0,0,0,0,0,0,0,0,0,0,0,0,0,0,0,0,0,0,0,0,0,0,0,0,0,0,0,0,0,0,0,0,0,0,0
NVIDIA H100 PCIe 80GB,printed_wiring_board,0.00377,151,0.0937,155,0.00000125,0.000000501,0.0000358,0.00727,0.0782,9.65,0.0146,9.63,0.0000000462,28.7,0.0413,0.00000142,0.000000504,0.0288,4.79,0,0,246,0,0,0,0,0,0,0,0,0,0,0,0,0,0,0,0,0,0,0,0,0,0,0,0,0,0,0,0,0,0,0,0,0,0,0,0,0,0,0,0,0,0,0,0,0,0,0,0,0,0,0,0,0,0,0,0,0,0,0,0,0,0,0,0,0,0
NVIDIA H100 PCIe 80GB,graphics_processing_unit,0.0000312,1120,0.472,1090,0.0000000195,0.000000466,0.000266,0.0567,0.591,85.5,0.0507,85.4,0,0.922,0.34,0.0000373,0.0000026,0.186,29.8,0,0,1140,0,0,0,0,0,0,0,0,0,0,0,0,0,0,0,0,0,0,0,0,0,0,0,0,0,0,0,0,0,0,0,0,0,0,0,0,0,0,0,0,0,0,0,0,0,0,0,0,0,0,0,0,0,0,0,0,0,0,0,0,0,0,0,0,0,0
NVIDIA H100 PCIe 80GB,video_ram,0.00000165,782,0.33,764,0.00000000561,0.000000324,0.000186,0.0397,0.414,59.8,0.0368,59.8,0,0.501,0.238,0.0000261,0.00000182,0.13,23.1,0,0,798,0,0,0,0,0,0,0,0,0,0,0,0,0,0,0,0,0,0,0,0,0,0,0,0,0,0,0,0,0,0,0,0,0,0,0,0,0,0,0,0,0,0,0,0,0,0,0,0,0,0,0,0,0,0,0,0,0,0,0,0,0,0,0,0,0,0
NVIDIA H100 PCIe 80GB,upstream_transport,0.0000000172,6.11,0.00293,0.295,7.83E-12,9.69E-10,0.000000164,0.00138,0.0151,0.439,0,0.439,0,0.00107,0,6.71E-10,0.0000000253,0.00384,0.00166,0,0,6.12,0,0,0,0,0,0,0,0,0,0,0,0,0,0,0,0,0,0,0,0,0,0,0,0,0,0,0,0,0,0,0,0,0,0,0,0,0,0,0,0,0,0,0,0,0,0,0,0,0,0,0,0,0,0,0,0,0,0,0,0,0,0,0,0,0,0
NVIDIA H100 PCIe 80GB,transport_boat,0,0,0,0,0,0,0,0,0,0,0,0,0,0,0,0,0,0,0,0,0,0,0.0000000148,5.23,0.0171,0.254,6.07E-12,0.00000000137,0.000000143,0.00392,0.043,0.427,0,0.427,0,0.000844,0,5.3E-10,0.0000000886,0.0111,0.00135,0.169,0,5.27,0,0,0,0,0,0,0,0,0,0,0,0,0,0,0,0,0,0,0,0,0,0,0,0,0,0,0,0,0,0,0,0,0,0,0,0,0,0,0,0,0,0,0,0
NVIDIA H100 PCIe 80GB,transport_truck,0,0,0,0,0,0,0,0,0,0,0,0,0,0,0,0,0,0,0,0,0,0,0.00000000335,1.19,0.000539,0.0573,1.5E-12,1.62E-10,0.0000000319,0.000254,0.00277,0.0852,0,0.0852,0,0.000208,0,1.3E-10,0.00000000438,0.0007,0.000323,0.0384,0,1.19,0,0,0,0,0,0,0,0,0,0,0,0,0,0,0,0,0,0,0,0,0,0,0,0,0,0,0,0,0,0,0,0,0,0,0,0,0,0,0,0,0,0,0,0
NVIDIA H100 PCIe 80GB,transport_plane,0,0,0,0,0,0,0,0,0,0,0,0,0,0,0,0,0,0,0,0,0,0,0,0,0,0,0,0,0,0,0,0,0,0,0,0,0,0,0,0,0,0,0,0,0,0,0,0,0,0,0,0,0,0,0,0,0,0,0,0,0,0,0,0,0,0,0,0,0,0,0,0,0,0,0,0,0,0,0,0,0,0,0,0,0,0,0,0
NVIDIA H100 PCIe 80GB,end_of_life,0,0,0,0,0,0,0,0,0,0,0,0,0,0,0,0,0,0,0,0,0,0,0,0,0,0,0,0,0,0,0,0,0,0,0,0,0,0,0,0,0,0,0,0,0,0,0,0,0,0,0,0,0,0,0,0,0,0,0,0,0,0,0,0,0,0,0.00000628,32.9,0.0536,1290,0.00000000996,0.000000393,0.0000526,0.0357,0.0249,2.55,0.153,2.39,0,0.207,11.4,0.000000235,0.000000163,0.00908,1230,0,1.69,37.8
